secid,name,type,coupon_pct,key_spread_pp,benchmark,matdate,offer_put,issue_bn,price_close,yield_close,duration_y,zcyc_at_dur,g_spread_bp,value_mn,date
RU000A1075S4,ИКС 5 ФИНАНС 003Р-02,плав.,15.1,1.10,RREFKEYR,2026-10-17,,20.0,100.07,14.61,0.052,,,1.4,2026-09-25
RU000A108LU2,ИКС 5 ФИНАНС 003P-05,плав.,,1.10,RREFKEYR,2034-05-26,2027-06-09,10.0,99.94,15.66,0.668,,,0.2,2026-09-25
RU000A109KC0,ИКС 5 ФИНАНС 003P-06,фикс.,14.4,,,2035-11-04,2027-11-19,26.0,100.67,14.68,1.058,13.769,91,0.0,2026-09-25
RU000A10AHA3,ИКС 5 ФИНАНС 003P-07,фикс.,13.25,,,2034-12-04,2027-07-19,21.0,99.41,15.12,0.764,13.293,183,5.1,2026-09-25
RU000A10AT27,ИКС 5 ФИНАНС 003P-10,фикс.,19.95,,,2035-02-06,2027-02-24,10.0,102.6,14.37,0.395,12.654,172,3.6,2026-09-25
RU000A10AT35,ИКС 5 ФИНАНС 003P-11,фикс.,17.25,,,2035-03-02,2027-03-17,15.0,101.48,14.8,0.449,12.748,205,2.0,2026-09-25
RU000A10BUK3,ИКС 5 ФИНАНС 003P-12,фикс.,15.55,,,2035-06-04,2028-02-16,15.0,101.53,15.17,1.252,14.056,111,17.1,2026-09-25
RU000A10C5Y0,ИКС 5 ФИНАНС 003P-13,фикс.,14.1,,,2035-07-06,2027-09-21,11.0,100.7,14.18,0.921,13.553,63,0.1,2026-09-25
RU000A10CSX8,ИКС 5 ФИНАНС 003P-14,плав.,,1.15,RREFKEYR,2035-09-02,2028-09-13,15.0,100.15,15.79,1.71,,,0.9,2026-09-25
RU000A10DYP0,ИКС 5 ФИНАНС 003P-15,фикс.,14.5,,,2035-12-03,2027-06-23,20.0,100.33,15.21,0.699,13.181,203,2.8,2026-09-25
RU000A10E6Q2,ИКС 5 ФИНАНС 003P-16,плав.,,1.30,RREFKEYR,2036-01-14,2028-04-28,20.0,100.49,15.51,1.408,,,0.2,2026-09-25
RU000A10E6V2,ИКС 5 ФИНАНС 003P-17,фикс.,14.5,,,2036-01-12,2028-03-29,15.0,100.15,15.29,1.342,14.18,111,25.6,2026-09-25
RU000A10EL70,ИКС 5 ФИНАНС 003P-18,фикс.,13.5,,,2036-03-29,2028-07-12,11.0,98.3,15.45,1.592,14.492,96,6.9,2026-09-25
RU000A10EL88,ИКС 5 ФИНАНС 003P-19,плав.,,1.20,RREFKEYR,2036-03-30,2028-05-16,20.0,100.79,15.19,1.458,,,0.0,2026-09-25
RU000A10EL96,ИКС 5 ФИНАНС 003P-20,плав.,,1.15,RREFKEYR,2036-06-28,2028-08-14,22.0,100.45,15.47,1.649,,,0.0,2026-09-25
RU000A10F9D3,ИКС 5 ФИНАНС 003P-21,плав.,,1.20,RREFKEYR,2036-08-22,2028-10-06,17.5,100,15.87,1.753,,,302.3,2026-09-25
