quarter,rev,g_rev,nrs,g_nrs,nrs_g_reported,rev_g_reported,lfl,traffic,basket,space,g_space,g_space_hat,cpi,cpi2,cpi_end_yoy,src
2011Q1,112554.17672939999,,111988.617401686,,,,0.12,0.04,0.08,1571.02247194,,,0.14125390312730057,0.14167211447545514,0.14043115859361133,q1_2024.xlsx
2011Q2,112626.4794612,,112197.87281471207,,,,0.1,0.02,0.08,1604.5303989400002,,,0.13312431124359647,0.13736064343832632,0.12472602796633891,q1_2024.xlsx
2011Q3,105339.75666059999,,104979.19696079213,,,,0.04,-0.04,0.08,1641.60696594,,,0.08828283881568377,0.10071004964409092,0.06393372015320908,q1_2024.xlsx
2011Q4,123664.44024000003,,123316.68292088459,,,,-0.02,-0.04,0.02,1727.2843659400003,,,0.0511799321113664,0.05754885166587087,0.03878353359132314,q1_2024.xlsx
2012Q1,117144.91003639999,0.04078687651047308,116879.0031695591,0.04366859669614498,,,-0.039,-0.046,0.007,1769.55461594,,,0.016065609870386854,0.017416560760390887,0.013405000764852737,q1_2024.xlsx
2012Q2,123636.5124256,0.09775705515320654,123446.25747789387,0.10025488345717415,,,-0.011,-0.015,0.004,1820.04118494,0.1303845178572829,0.12637129483885712,0.021980266327534803,0.014773942335272405,0.03642686957134633,q1_2024.xlsx
2012Q3,116084.84591400006,0.10200412070459097,115881.56281899735,0.10385263151019397,,,-0.007,-0.025,0.018,1865.4213470000002,0.13533782390513238,0.13431393144210468,0.06425032621440607,0.059941216411121934,0.0729851771674439,q1_2024.xlsx
2012Q4,134255.40878099995,0.08564279691434051,133881.35395653005,0.08567106076331421,,,0.0,-0.036,0.036,1969.7446520000003,0.1384059683693617,0.13633859121196035,0.07344936933627766,0.07282403984968511,0.07468849130041111,q1_2024.xlsx
2013Q1,126523.9540118,0.0800636064553355,126296.17002098906,0.08057192991086892,,,0.005,-0.021,0.025,1988.2639520000002,0.1318818580179697,0.140370798717935,0.0848436085259634,0.08605740574615228,0.08244365180918423,q1_2024.xlsx
2013Q2,133448.8263876098,0.07936420859424098,133076.47146040603,0.07801138875544034,,,-0.004,-0.04,0.038,2048.0242080000003,0.12444085181136355,0.12359569695667205,0.08631868979207291,0.08963420428324453,0.07981089971559152,q1_2024.xlsx
2013Q3,124245.96718788569,0.0703030719438753,123533.755764351,0.06603460256491434,,,-0.017,-0.062,0.049,2080.87431,0.12032030775431002,0.1252625627081707,0.06521308673320392,0.06619186746111261,0.06325315292036437,q1_2024.xlsx
2013Q4,150341.03982892376,0.11981365364700514,149785.9835724554,0.118796450333849,,,0.039,0.007,0.031,2222.8833400000003,0.1221828862485177,0.11549828318759969,0.07241047889608754,0.07200162675211641,0.07321923454186474,q1_2024.xlsx
2014Q1,144167.0,0.1394443141300703,143898.056539313,0.13936991529829212,,,0.063,0.001,0.061,2232.4924133333334,0.12566095708601766,0.12851345363114586,0.07284873585231066,0.06737783767362027,0.0837020753042228,q1_2024.xlsx
2014Q2,155579.0,0.16583265819147663,155109.36190080992,0.1655656345453922,,,0.081,-0.012,0.095,2295.979863333334,0.12193978654553406,0.12283502956821368,0.09435990102870861,0.0927637172864797,0.09752143977382288,q1_2024.xlsx
2014Q3,152539.0,0.22771791674597663,152028.47939578994,0.23066346080980948,,,0.133,0.04,0.09,2375.9993600000003,0.13153161865465202,0.12107066623761975,0.10475485264718642,0.10011041164745538,0.11408069634687212,q1_2024.xlsx
2014Q4,181588.0,0.20784052183377755,180894.42227108005,0.20768591263799174,,,0.116,-0.004,0.12,2572.242800000001,0.1497492569080885,0.1418274273375022,0.13189783312947623,0.12056682334699076,0.15428641869506254,q1_2024.xlsx
2015Q1,182725.0,0.26745371687001884,182053.39996148,0.26515537693688684,,,0.171,0.029,0.137,2681.7453683333333,0.1792469275801285,0.15716499994102273,0.2234244437921835,0.21996687868303555,0.23018034666830056,q1_2024.xlsx
2015Q2,199883.0,0.2847685098888668,198622.7622126999,0.28053368138872314,,,0.155787338800156,0.022468741473462003,0.130388922339641,2843.662885,0.22014841115478645,0.20123381038917865,0.20282666281006856,0.21017374336381134,0.1883374870381096,q1_2024.xlsx
2015Q3,196093.0,0.2855269799854463,194994.701159971,0.2826195587494045,,,0.130874487105458,0.0164609693636396,0.112560660163319,3079.6696349999997,0.2678422220751784,0.23853999349608102,0.18039360181977426,0.18346571195234462,0.17430228640087786,q1_2024.xlsx
2015Q4,230117.0,0.26724783576007227,228460.88517118193,0.26295151781308634,,,0.0984295879246116,0.0227281349981899,0.0740191360107207,3333.173965,0.2959841884537029,0.2961576029212396,0.15836317149231927,0.1679742060757472,0.13992778032372533,q1_2024.xlsx
2016Q1,231611.0,0.26753865097824603,230601.42401218993,0.2666691424657932,,,0.078,0.02,0.057999999999999996,3514.186244999999,0.30326905783118896,0.2958240042502982,0.06889476286504381,0.07768640357941359,0.051858975231193094,q1_2024.xlsx
2016Q2,251633.0,0.2589014573525512,249721.61385067992,0.25726583936668646,,,0.063,0.03,0.031,3747.358845,0.31420969402926935,0.3104101107048862,0.056915382299465245,0.054381185837004686,0.062004905381620734,q1_2024.xlsx
2016Q3,256247.0,0.3067626075382599,253978.25312220014,0.30248797332107924,,,0.091,0.032,0.057,4025.192445,0.31219229441469887,0.3177929299449995,0.06297220066135534,0.06482792202977383,0.059264003220457884,q1_2024.xlsx
2016Q4,294176.0,0.27837578275399033,291289.0,0.2750060028076229,,,0.075,0.018000000000000002,0.055999999999999994,4301.752255,0.29847930487498564,0.30702085680044067,0.051353238297843884,0.05422728399981391,0.04570475562266929,q1_2024.xlsx
2017Q1,293078.0,0.26538894957493375,291483.91647789004,0.26401611666752656,,,0.073,0.046,0.026,4549.147195000001,0.29260023988134876,0.2905873801279377,0.037969257364545816,0.03969838776198009,0.03453640664429303,q1_2024.xlsx
2017Q2,320801.0,0.2748765066585066,318867.0,0.2768898738203145,,,0.066,0.02,0.045,4819.794094999999,0.2902131948339939,0.29450941920694995,0.04102595774188633,0.037528708493705265,0.04799919623069315,q1_2024.xlsx
2017Q3,319424.0,0.2465472766510437,317131.0,0.24865415090249599,,,0.046,0.025,0.02,5143.37474,0.2818402173580252,0.28618429522193245,0.027896873176344705,0.031948912749002245,0.01975734977615029,q1_2024.xlsx
2017Q4,361705.0,0.22955305667355597,359388.0,0.23378500389647394,,,0.035,0.031,0.003,5478.55491,0.27560948615402725,0.2777959837396049,0.012269613509713118,0.013078517785470867,0.010666883270535443,q1_2024.xlsx
2018Q1,351518.0,0.1994008420966431,350346.0,0.2019393873712234,,,0.005,-0.016,0.022,5731.877610000001,0.26658681225895076,0.27356355857829384,0.009476943414680639,0.007913978007951572,0.012595388713290134,q1_2024.xlsx
2018Q2,382559.0,0.19251186872858872,380852.29,0.19439230149247178,,,0.01,0.017,-0.007,5944.984109999999,0.2463373777849771,0.25998948029203084,0.004374017624448445,0.007608532978896854,-0.0020109150635144735,q1_2024.xlsx
2018Q3,375505.0,0.17556914946904434,372933.78,0.17596129044464281,,,0.00513,0.00896,-0.00379,6150.1762100000005,0.21398728861348237,0.23345188462869393,0.016183242865797087,0.011635058948061161,0.02542862081804942,q1_2024.xlsx
2018Q4,422955.0,0.1693368905599868,420883.04,0.17111044330918102,,,0.03669,0.02248,0.01389,6451.880809999999,0.18641879914917348,0.19574725173534602,0.03636407561379107,0.031218499770601982,0.04658363930754139,q1_2024.xlsx
2019Q1,405864.0,0.15460374717653158,404115.6,0.15347570687263445,,,0.0499,0.0269,0.0224,6586.73461,0.16307871232786253,0.1776610650051873,0.05769125394856656,0.05691831212818155,0.059226305952855274,q1_2024.xlsx
2019Q2,437311.0,0.14312040757111966,435587.8,0.14371847416225325,,,0.05,0.03325,0.01599,6774.210410000001,0.14422396534126292,0.14914083275410306,0.05950238373094652,0.06171623475048382,0.05509011918905404,q1_2024.xlsx
2019Q3,421955.0,0.12370008388703213,420711.87,0.128114138654857,,,0.039,0.005,0.034,6987.421510000001,0.13778003398966132,0.1394833501077266,0.05041112917906143,0.052605539739213336,0.046010416920662545,q1_2024.xlsx
2019Q4,469217.0,0.10937806622453916,467298.66,0.11028151668929209,,,0.023,0.018,0.005,7217.98101,0.12722887203695588,0.13613354665166577,0.03480435699132589,0.03936137249543625,0.025886600049833675,q1_2024.xlsx
2020Q1,468994.0,0.15554471448564056,468461.0,0.15922523159214852,,,0.057,0.037,0.019,7307.04081,0.11400032535049665,0.11874060023126853,0.019981652950790574,0.01889347923958451,0.022138042317853213,q1_2024.xlsx
2020Q2,493631.0,0.12878706458332867,492974.62,0.13174570086673687,,,0.0434,-0.1723,0.2606,7510.26123,0.10900104878958627,0.10935710069545368,0.03579194010343145,0.03397573130915221,0.039434425571988285,q1_2024.xlsx
2020Q3,486641.0,0.15330070742140744,485552.47,0.1541211566005969,,,0.0687,-0.0177,0.088,7679.755290000002,0.10379471041687327,0.10865485059534774,0.04291407182293705,0.04256493445519416,0.04361865304342061,q1_2024.xlsx
2020Q4,528760.0,0.12689864177981613,526357.83,0.12638420576682163,,,0.0514,-0.072,0.133,7840.055230000001,0.09252874025564761,0.09908287041352404,0.05750962084910638,0.05285635328748284,0.06673534288165306,q1_2024.xlsx
2021Q1,507191.0,0.08144453873610313,505782.45,0.07966821144129388,,,0.02068,-0.092,0.1241,7935.57913,0.08610056187853621,0.08618396462087663,0.07425053803252868,0.07359352788718487,0.07554837535239312,q1_2024.xlsx
2021Q2,546512.0,0.10712657835508721,544409.02,0.10433478299552212,,,0.04015,0.1469,-0.0931,8062.902710000001,0.07971625312161068,0.08601817566692915,0.0726513053028266,0.06954972800243908,0.07883898624966612,q1_2024.xlsx
2021Q3,543586.0,0.11701644538787326,540717.96,0.11361385928074874,,,0.0479,0.0012,0.0466,8215.98325,0.07168322947946337,0.07358485451777041,0.08108691896011533,0.07559858191006796,0.09215154615554999,q1_2024.xlsx
2021Q4,607530.0,0.1489711778500642,603567.38,0.14668642812818056,,,0.0898,0.0154,0.0733,8409.757049999998,0.07125923210046992,0.06982357376650183,0.10783380567820311,0.10859002785838534,0.10635400170409182,q1_2024.xlsx
2022Q1,604230.0,0.19132634451321096,601776.0,0.189792172504206,,,0.1174,0.0367,0.0777,8528.416,0.07369204074275948,0.07266553656663421,0.13555494585598038,0.11294111190857037,0.1801444165913051,q1_2024.xlsx
2022Q2,647950.0,0.18560983107415763,646162.26,0.1869058672099151,,,0.117,0.006,0.11,8643.579,0.07335153246015746,0.07470618845684651,0.195129467312382,0.20281863435807668,0.1799215778219312,q1_2024.xlsx
2022Q3,647869.0,0.19184268910531177,646013.19,0.1947322593094558,,,0.124,0.039,0.082,8759.19,0.06903930912481182,0.0720182682199324,0.15579615270776337,0.16273187078610585,0.14202549260116126,q1_2024.xlsx
2022Q4,705183.0,0.1607377413461064,702134.34,0.16330730133228855,,,0.079,0.043,0.035,9107.479,0.07463900419519987,0.06611585411886067,0.11162435738074339,0.11605449499466691,0.10293777682013805,q1_2024.xlsx
2023Q1,696364.0,0.1524816708869139,693480.78,0.15239022493419485,,,0.065,0.036,0.028,9203.045,0.08102119077122083,0.08296576772095943,0.07233259232388112,0.0974245784969967,0.025674155191592885,q1_2024.xlsx
2023Q2,772043.0,0.19151632070375801,768608.76,0.1894980681787266,,,0.078,0.066,0.011,9541.02,0.09154847762301377,0.07910366942700753,-0.0024603151399666956,-0.004586120228045276,0.001825763139281511,q1_2024.xlsx
2023Q3,796236.0,0.22900771606605663,792252.23,0.2263716008646821,,,0.102,0.057,0.043,9859.61,0.11480132845525914,0.10382747702080364,0.035580340913447195,0.02906802815032372,0.04874477988603254,q1_2024.xlsx
2023Q4,881216.0,0.2496274016815494,874504.759,0.24549492765159453,,,0.132,0.03,0.099,10206.011,0.12307565556847777,0.12563033796503986,0.07122599499849303,0.06601747778993916,0.08156027268490584,q1_2024.xlsx
2024Q1,886220.0,0.27263902212061497,880299.967,0.26939346033497835,,,0.148,0.029000000000000005,0.11600000000000002,10335.914,0.1218643988560899,0.12061866955718492,0.08092080118352629,0.0808121241854649,0.0811370222733172,q1_2024.xlsx
2024Q2,965491.0,0.25056635446471254,957551.0,0.24582368798398813,0.25238222245092046,0.2507436701881136,0.149,0.029000000000000005,0.117,10538.849250000003,0.11367322136366909,0.1230971922879871,0.09082891539034921,0.0871989529722863,0.09810085529637691,q2_2026.xlsx
2024Q3,978556.0,0.22897733837706413,969187.1735365503,0.22333158158046484,0.2291658131447083,0.22726992237608368,0.138,0.022,0.114,10726.557200000005,0.09611937602026366,0.10458307916763632,0.09515046550315143,0.09695453732599546,0.09157201345215293,q2_2026.xlsx
2024Q4,1077780.0,0.22305995351877406,1059149.7077104903,0.21114230289796554,0.21773070727392874,0.22306104909245605,0.14,0.038,0.099,11062.348,0.08588242546791869,0.08792915744131902,0.09997027979884754,0.09449896502500255,0.1106699729593188,q2_2026.xlsx
2025Q1,1069786.0,0.20713366884069417,1056376.1088138802,0.20001834421729603,0.20655334402814396,0.20713470971272852,0.146,0.046,0.096,11238.05928,0.08560455166689573,0.08390516137989645,0.117586849423152,0.11420570558488641,0.12431186869557531,q2_2026.xlsx
2025Q2,1174206.0,0.21617498247005917,1160627.1316160697,0.21207865859475872,0.21207815638127148,0.2161768448196546,0.139,0.015,0.122,11477.037170000014,0.08816067410968165,0.08728258381406806,0.12369970165206534,0.12592994272296676,0.11927619425796565,q2_2026.xlsx
2025Q3,1160077.0,0.18549883706195658,1143241.0,0.17958742254948534,0.18,0.185,0.106,0.004,0.101,11718.0,0.09074036391154916,0.08902185596781442,0.10033720098096532,0.10313677626250572,0.09475674398614076,q2_2026.xlsx
2025Q4,1237965.0,0.1486249512887603,1213389.0,0.14562558169696405,0.146,0.149,0.073,0.005,0.068,11912.101,0.08450152878722861,0.09242879905586054,0.07322544514121532,0.08395227617206324,0.05255349797727438,q2_2026.xlsx
2026Q1,1190606.0,0.11293847554557646,1175136.0,0.112421977546866,0.112,0.113,0.061,-0.017,0.079,12010.976,0.07276412935539911,0.07681488595368724,0.05439527801099109,0.05673120558706635,0.04979093316439287,q2_2026.xlsx
2026Q2,1289907.0,0.09853552102441987,1270357.0,0.09454360095058378,0.09454366518484303,0.099,0.042,0.012,0.03,12157.24,0.06397153334561279,0.06877670785876133,0.03447158087260216,0.03453898677132039,0.034337091813984255,q2_2026.xlsx
